artist,genre
VOF_de_Kunst,nederpop
Eubie_Blake,ragtime
"Wilson,Jackie",northern soul
The_Escape_Club,Unknown
Morricone_Ennio,soundtrack
Honey_Cone,northern soul
The_Four_Aces,doo-wop
Vaughn,experimental hip hop
Cocciante,italian singer-songwriter
Mr._Mister,Unknown
Julian_Lennon,Unknown
Del_Shannon,doo-wop
Dick_Hyman,ragtime
Thompson_Twins,new wave
LIGABUE,italian singer-songwriter
Al_Stewart,Unknown
Billie_Myers,Unknown
The_Brian_Setzer_Orchestra,rockabilly
Metallica,metal
Travis_Tritt,country
Johnny_Logan,Unknown
Traffic,psychedelic rock
Peter_Gabriel,art rock
Inner_City,acid house
Ted_Nugent,classic rock
Christie_Lou,doo-wop
Gerry_Rafferty,Unknown
Alunni_del_Sole,canzone napoletana
The_Easybeats,proto-punk
EMF,Unknown
Carly_Simon,Unknown
Valens_Ritchie,doo-wop
Wendy_Moten,smooth jazz
Chesney_Hawkes,Unknown
Mo-Do,post-punk
Weather_Report,jazz fusion
Sheb_Wooley,Unknown
Haggard._Merle,country
U96,eurodance
Air_Supply,soft rock
Battisti_Lucio,italian singer-songwriter
Jones,Unknown
Ron,Unknown
Don_Henley,Unknown
The_Verve_Pipe,post-grunge
Blackstreet,new jack swing
Westbam,happy hardcore
R._Kelly,r&b
Bertie_Higgins,soft rock
Traveling_Wilburys,Unknown
Gianni_Bella,Unknown
Irene_Cara,Unknown
Master_P,southern hip hop
Amanda_McBroom,Unknown
The_Lemon_Pipers,psychedelic rock
Renato_Teixeira,sertanejo tradicional
The_Lemonheads,power pop
Sonny_and_Cher,Unknown
Swing_Out_Sister,Unknown
The_Soul_Survivors,philly soul
Ellington,jazz
U.S.A._for_Africa,Unknown
Randy_Newman,Unknown
En_Vogue,new jack swing
Mandy_Moore,Unknown
Melina_Mercouri,entehno
The_Folk_Implosion,Unknown
Dan_Fogelberg,soft rock
Power_Tools,Unknown
Jigsaw,Unknown
DJ_Jazzy_Jeff,Unknown
k.d._lang,Unknown
Scatman,eurodance
Iron_Butterfly,acid rock
DJ_BoBo,eurodance
Was_Not_Was_,Unknown
Blue_Oyster_Cult,classic rock
John_Scofield,jazz fusion
Hugues_Aufray,chanson
Clarence_Frogman_Henry,doo-wop
MAMAS_and_Papas,folk rock
Trovato,italian singer-songwriter
Baxter,Unknown
Peter_Tosh,reggae
Gala,Unknown
Die_Doofen,neue deutsche welle
Will_to_Power,funk melody
Terry_Jacks,Unknown
Angelo_Branduardi,italian singer-songwriter
Joseph_Kosma,Unknown
Foreigner,album rock
808_State,acid house
They_Might_Be_Giants,Unknown
Captain_Hollywood_Project,eurodance
Bobby_Bare,traditional country
dc_Talk,christian rock
Mac_Davis,Unknown
McFadden_and_Whitehead,philly soul
TLC,r&b
Fat_Larry_s_Band,Unknown
The_Ventures,surf rock
Spirit,Unknown
Axelle_Red,variété française
Clerc_Julien,chanson
Le_Grand_Orchestre_du_Splendid,chanson
Fugees,east coast hip hop
Boney_James,smooth jazz
Ricchi_e_Poveri,italo dance
Gilbert_Becaud,chanson
Orgy,Unknown
Stiltskin,Unknown
Tears_n_Joy,Unknown
Kevin_Paige,Unknown
Beloved,Unknown
Save_Ferris,ska
Propaganda,christian hip hop
Michael_George,rock
Diamond_Jim,Unknown
Taja_Sevelle,Unknown
Koos_Alberts,nederpop
The_Go-Go_s,Unknown
Cilla_Black,Unknown
Joni_Mitchell,singer-songwriter
Henry_Butler,Unknown
Neil_Young,classic rock
Kid_Rock,Unknown
Village_People,disco
The_Allman_Brothers_Band,Unknown
Julie_Andrews,musicals
Oasis,britpop
Major_Harris,philly soul
David_Gates,Unknown
George_Benson,smooth jazz
Westlife,Unknown
ABC,Unknown
DJ_Quicksilver,trance
Weezer,alternative rock
The_Presidents_of_the_United_States_of_America,grunge
Semisonic,Unknown
Gilbert_and_Sullivan,opera
Bjork,art pop
Danny_and_The_Juniors,doo-wop
Greg_Kihn,Unknown
The_Whispers,post-disco
Trini_Lopez,Unknown
Presidents_Of_The_United_States,grunge
The_McCoys,Unknown
Frank_Sinatra,rock
Naked_Eyes,new wave
Bellamy_Brothers,Unknown
Brian_May,Unknown
AC_DC,rock
Lewis,soft pop
Soul_Asylum,alternative rock
Carra,Unknown
BOWIE_DAVID,glam rock
The_Notorious_B.I.G.,gangster rap
Little_Tony,italian singer-songwriter
Rick_Derringer,classic rock
Berte,Unknown
Sailor,Unknown
Gloria_Estefan,Unknown
Johnny_Shines,blues
Strawberry_Alarm_Clock,psychedelic rock
George_M._Cohan,ragtime
Great_White,glam metal
Rocco_Granata,italo dance
Booming_Support,happy hardcore
Peter_Schilling,neue deutsche welle
Sauter-Finegan_Orchestra,big band
Jane_Child,new jack swing
Andre_and_Adriano,agronejo
REDDING_OTIS,soul
Buck_Owens,honky tonk
Culture_Beat,eurodance
Cheap_Trick,power pop
Ricky_Nelson,rockabilly
Juan_Luis_Guerra,merengue
The_Marcels,doo-wop
Fontana,Unknown
Vera_Lynn,adult standards
Byron_Berline,bluegrass
Gin_Blossoms,Unknown
Zucchero,italo dance
Lloyd_James,smooth jazz
Sinead_O_Connor,Unknown
Lutricia_McNeal,Unknown
Electric_Light_Orchestra,symphonic rock
Marusha,happy hardcore
Vincent_Gene,rockabilly
Fontella_Bass,motown
Johannes_Brahms,classical
Talking_Heads,new wave
Midnight_Oil,surf rock
John_Elton,Unknown
D_Ream,Unknown
Marianne_Faithfull,Unknown
Everlast,Unknown
Claude-Michel_Schonberg,chanson
Turtles,bluegrass
Wham_,choral
Perry_Como,christmas
Eddy_Grant,Unknown
Benjamin_Arthur,Unknown
Technotronic,eurodance
Scott_McKenzie,Unknown
Mica_Paris,new jack swing
The_Chiffons,doo-wop
Venditti_Antonello,italian singer-songwriter
King_Ben_E,Unknown
Gary_Wright,soft rock
Just_Friends,midwest emo
Zequinha_Abreu,Unknown
No_Mercy,eurodance
Alpentrio_Tirol,polka
Ana_Caram,bossa nova
Rea,Unknown
Dannii_Minogue,Unknown
Michael_Penn,power pop
Canned_Heat,blues rock
Brown_James,soul
Phish,Unknown
John_Fred,Unknown
Coolio,west coast hip hop
Survivor,Unknown
Undercover,Unknown
Miami_Sound_Machine,Unknown
Michael_Learns_to_Rock,Unknown
Romantics,power pop
The_Buckinghams,baroque pop
Masquerade,black metal
Ocean,Unknown
Bobby_McFerrin,Unknown
Grease,musicals
James,soft pop
Reel_Big_Fish,ska
Lobo,Unknown
Dik_Dik,children's music
Ranieri,canzone napoletana
Francis_Connie,schlager
Thin_Lizzy,classic rock
Dalla_Lucio,italian singer-songwriter
B.W._Stevenson,Unknown
Corona,banda
Claude_Debussy,classical piano
Jason_Donovan,musicals
Ray_Charles,jazz blues
Gino_Paoli,italian singer-songwriter
Feargal_Sharkey,Unknown
Fastball,Unknown
Quarterflash,Unknown
Lou_Bega,Unknown
Zappa_Frank,progressive rock
Brian_Hyland,Unknown
Flamingos,doo-wop
Jennifer_Warnes,Unknown
Brooks_Garth,country
Vera,Unknown
Freddy_Cannon,doo-wop
Meredith_Brooks,Unknown
Eminem,rap
Beastie_Boys,rap rock
Tavares,sertanejo
Ozzy_Osbourne,metal
Marilyn_Manson,industrial metal
Lennon_John,rock
Heatwave,disco
The_Mighty_Mighty_Bosstones,ska punk
Droids,Unknown
Jolson._Al,ragtime
Reel_2_Real,eurodance
Kris_Kristofferson,country
Richard_Harris,baroque pop
Chris_Norman,Unknown
Robert_Miles,trance
Hasselhoff_David,synthwave
Four_Tops,motown
Marianne_and_Michael,polka
Zhi-Vago,eurodance
Trio,chamber music
Coasters,doo-wop
Limahl,synthpop
Looking_Glass,Unknown
Heywood,big band
The_The_Kingston_Trio,folk
Dalla,brazilian trap
Wax,Unknown
UB40,reggae
Kaempfert,orchestra
David_A._Stewart,Unknown
Adiemus,new age
Luther_Vandross,quiet storm
Buddy_Holly,rockabilly
Sinatra,christmas
The_Tremeloes,Unknown
Faith_No_More,funk rock
Fairground_Attraction,Unknown
Johnny_Nash,Unknown
Duke_Robillard,blues
Ace_of_Base,eurodance
INXS,Unknown
Steve_Perry,album rock
Cats,Unknown
The_Alan_Parsons_Project,symphonic rock
Sedaka_Neil,doo-wop
"KING,RICKY",indorock
Intermission,Unknown
Alive,Unknown
Ice_Cube,gangster rap
The_Christians,Unknown
Lois_Lane,nederpop
Trinere,funk melody
Paula_Cole,Unknown
Jones_Grace,art pop
Soft_Cell,synthpop
Led_Zeppelin,classic rock
Last,Unknown
Duke_Ellington,jazz
MC_Hammer,Unknown
Devo,gospel
Steam,christmas
Peter_Frampton,classic rock
Monica,r&b
Wolter_Kroes,nederpop
Alizee,french pop
Extreme,glam metal
Foundations_The,Unknown
Goblin,bossa nova
Hans_Dulfer,nederpop
Baccara,disco
Joe_South,Unknown
Kenny_Baker,bluegrass
The_Shadows,surf rock
ANKA_PAUL,adult standards
Joey_Dee,doo-wop
Korn,Unknown
R.E.M.,Unknown
Thomas_Campion,choral
Harold_Melvin,philly soul
Carnes_Kim,Unknown
Commodores,motown
Barber_Samuel,classical
Sweet,Unknown
Spice_Girls,Unknown
Showaddywaddy,glam rock
Roxette,Unknown
PRESTON_BILLY,Unknown
Classics,Unknown
Silver_Convention,disco
Geri_Halliwell,Unknown
Mud,post-grunge
Sammy_Hagar,glam metal
Annie_Cordy,chanson
Mina,hindi hip hop
Hank_Williams,country
Whigfield,eurodance
McCartney,Unknown
Stampeders,Unknown
"10,000_Maniacs",jangle pop
elgar,classical
McCoys,Unknown
Carboni,italian singer-songwriter
Harpo,blues
Reinhardt_Django,swing music
Michael_English,southern gospel
Brotherhood_of_Man,Unknown
Bob_Seger,classic rock
Robert_Knight,northern soul
Jim_Croce,folk rock
Ultravox,synthpop
Real_McCoy,eurodance
Stevie_B,funk melody
Blind_Melon,grunge
Santana,Unknown
Aaliyah,r&b
DJ_Paul_Elstak,Unknown
Johnny_and_The_Hurricanes,rockabilly
Jewel,gospel
Bruce_Springsteen,Unknown
Peaches_and_Herb,disco
Jeannie_C._Riley,Unknown
Chuck_Mangione,smooth jazz
Dream_Theater,progressive metal
Brian_Wilson,gospel
Julie_Covington,Unknown
Hakkuhbar,happy hardcore
Jefferson_Airplane,psychedelic rock
Giorgia,italian singer-songwriter
Baltimora,italo disco
Ronan_Keating,Unknown
Desmond_Dekker,rocksteady
"Sammy_Davis,_Jr.",big band
Mary_J._Blige,r&b
Ike_and_Tina_Turner,motown
Louis_Armstrong,jazz
George_Michael,Unknown
NOFX,Unknown
Robyn,Unknown
Steely_Dan,classic rock
Savage_Garden,Unknown
The_Kelly_Family,schlager
Paul_Davis,soft rock
LANZA,Unknown
Gwen_McCrae,post-disco
SASH_,Unknown
Doe_Maar,nederpop
Crosby_Bing,christmas
Theodorakis_Mikis,entehno
Womack,country
Edwyn_Collins,britpop
Bilk,Unknown
Carey,christmas
Paul_McCartney,rock
Gregori,gregorian chant
The_Tony_Rich_Project,quiet storm
Loesser,musicals
Claude_Bolling,ragtime
Alexander_Peter,schlager
Ambra,Unknown
Peter_Cornelius,schlager
Reeves,motown
Lit,canzone napoletana
The_Ramsey_Lewis_Trio,Unknown
Claude_Francois,variété française
B.G._The_Prince_of_Rap,eurodance
Chaka_Khan,Unknown
Kenny_G,smooth jazz
Jimmy_Reed,blues
Tozzi,italo dance
Beck,reggaeton
Maria_Muldaur,blues
LeAnn_Rimes,Unknown
Faith_Evans,r&b
Men_Without_Hats,synthpop
The_Ink_Spots,adult standards
Palemiger_Spatzen,polka
Rita_Coolidge,Unknown
Bobby_Darin,big band
Moist,Unknown
SAM,Unknown
Los_Lobos,roots rock
Alliage,Unknown
Drafi_Deutscher,schlager
Al_Hirt,big band
Mahalia_Jackson,gospel
Quincy_Jones,soul jazz
Red_Hot_Chili_Peppers,funk rock
Nada_Surf,power pop
Michael_Ball,musicals
Billy_Preston,Unknown
FAURE_Gabriel,classical
Ohio_Players,soul
Sister_Hazel,Unknown
Freakwater,alt country
Alice_in_Chains,grunge
Alien_Ant_Farm,nu metal
The_Rutles,power pop
Rockwell,Unknown
Jay_and_The_Americans,doo-wop
Jackson_Browne,folk rock
Williams_Deniece,Unknown
Buzz_Clifford,doo-wop
Georgie_Fame,Unknown
Fat_Boys,east coast hip hop
White_Town,Unknown
Don_Johnson,Unknown
Ronnie_Spector,Unknown
Opus,stutter house
Victoria_Williams,alt country
Steve_Allen,trance
Patti_Smith,proto-punk
Carmina_Burana,Unknown
Johnny_Mercer,big band
Vanessa_Williams,Unknown
Summer_Donna,disco
Linkin_Park,nu metal
Checker_Chubby,rock and roll
Umberto_Tozzi,italo dance
Styx,Unknown
Foster_David,christmas
Richard_Marx,soft rock
Enigma,corrido
Claudia_Schmidt,folk
Edvard_Grieg,classical
Stewart_Rod,soft rock
Calvert,classical
"Peter,_Paul_and_Mary",folk
Charles-Valentin_Alkan,classical piano
Janet_Jackson,new jack swing
Carpenter,Unknown
Counting_Crows,Unknown
The_Ronettes,christmas
The_Box_Tops,Unknown
Laura_Pausini,latin pop
Clout,Unknown
The_Offspring,punk
Vanilla_Fudge,acid rock
Echo_and_The_Bunnymen,new wave
The_Four_Preps,doo-wop
Blondie,Unknown
Sailor_Moon,anime
Barbra_Streisand,adult standards
Duran_Duran,new wave
Sharpe,traditional music
Spandau_Ballet,new wave
Francesco_De_Gregori,italian singer-songwriter
Granados_Enrique,Unknown
Shirley_Bassey,easy listening
Atomic_Kitten,Unknown
Toys,electro corridos
Deep_Purple,hard rock
Dune,post-hardcore
Rod_Stewart,soft rock
Keith,country
Smokey_Robinson,motown
Deacon_Blue,Unknown
Kamoze_Ini,reggae
John_Mellencamp,classic rock
The_Beatles,classic rock
Scritti_Politti,synthpop
Gino_Vannelli,album rock
K2,Unknown
Fluitsma,nederpop
Hollenboer,nederpop
Glenn_Frey,Unknown
Helen_Reddy,Unknown
Tom_Jones,Unknown
The_Rascals,Unknown
Michael_Walthius,Unknown
Big_Bad_Voodoo_Daddy,swing music
Harvey_Danger,Unknown
James_Taylor,folk rock
Ugly_Kid_Joe,glam metal
Johnny_Kemp,new jack swing
KC_and_The_Sunshine_Band,disco
Blind_Guardian,power metal
Patsy_Cline,Unknown
Sandy_Denny,folk rock
David_Bowie,glam rock
Far_Corporation,Unknown
Bumble_B,lo-fi
Mel_Carter,doo-wop
De_Havenzangers,nederpop
Judas_Priest,heavy metal
Bombalurina,Unknown
The_Bangles,jangle pop
Lena_Horne,vocal jazz
Bonnie_Raitt,blues
Rick,indorock
Morandi,italian singer-songwriter
Heart,classic rock
Wonder_Stevie,motown
Urban_Cookie_Collective,eurodance
William_Orbit,idm
Smash_Mouth,Unknown
Pantera,groove metal
Jerome_Kern,Unknown
Londonbeat,eurodance
Alexia,Unknown
Falla,Unknown
Bobby_Brown,new jack swing
Gounod_Charles,opera
Dorsey,big band
Alabama,country
Nine_Days,Unknown
Frankie_Avalon,doo-wop
Foo_Fighters,rock
Jamaaladeen_Tacuma,gnawa
Hanson,Unknown
Mosch,Unknown
Images,new wave
Thelma_Houston,motown
Sly,Unknown
Die_Fantastischen_Vier,german pop
Tori_Amos,singer-songwriter
Cash_Johnny,country
Alma_Cogan,christmas
Bomfunk_MC_s,Unknown
Al_Martino,adult standards
Dvorak,classical
The_Wallflowers,Unknown
Uriah_Heep,progressive rock
Lee_Ritenour,smooth jazz
Vega,corrido
EXILE,j-pop
Percy_Grainger,Unknown
Free,corrido
Rene_Carol,schlager
Gabber_Piet,Unknown
"Boothe,_Ken",rocksteady
Charlie_Rich,traditional country
Culture_Club,Unknown
Mark_Collie,gothic country
Shearing_George,cool jazz
Lucifer,Unknown
Shawn_Colvin,Unknown
Soul_II_Soul,new jack swing
Club_Nouveau,new jack swing
Mamas,folk rock
LaSalle,jazz
The_J._Geils_Band,classic rock
Little_Texas,country
B.B._King,Unknown
Tupac,Unknown
Billy_Joel,soft rock
Connie_Francis,schlager
Ernst_Neger,schlager
Gary_Burton,jazz
Robert_Palmer,Unknown
Diana_Ross,motown
The_Zombies,baroque pop
Timeless,Unknown
Quiet_Riot,glam metal
Starship,Unknown
Rob_Zombie,industrial metal
Clayderman_Richard,easy listening
Bobby_Prins,nederpop
Jennifer_Lopez,Unknown
Boy_George,Unknown
Richard_Cliff,christmas
Shakatak,smooth jazz
Kingsmen,proto-punk
Taylor_James,folk rock
Joan_Jett,rock
Bernd_Cluver,schlager
Bino,vallenato
Diana_King,Unknown
The_Dinky_Toys,Unknown
Equipe_84,italian singer-songwriter
Tom_Astor,schlager
Inner_Circle,reggae
Jimi_Hendrix,psychedelic rock
Nat_King_Cole,christmas
Rene_Klijn,nederpop
Ohio_Express,bubblegum pop
Des_ree,Unknown
Howard_Carpendale,schlager
Bay_City_Rollers,glam rock
Flair,Unknown
Michael_Jackson,pop
Holiday_Billie,jazz
M2M,cumbia norteña
Ana_Belen,trova
Zamfir_Gheorghe,Unknown
Anne_Murray,Unknown
Elvis_Presley,rockabilly
98_Degrees,Unknown
Jordy,Unknown
Antoine,gospel r&b
Peter_Kent,schlager
Double_Vision,eurodance
Faithless,trip hop
Dire_Straits,classic rock
Chicago,soft rock
Mezzoforte,smooth jazz
Andre_Brasseur,polka
Stansfield_Lisa,Unknown
Prince_Ital_Joe,eurodance
Cheryl_Ladd,album rock
Simply_Red,Unknown
Amy_Grant,christmas
Martin_Ricky,latin pop
Starland_Vocal_Band,soft rock
Alan_Jackson,country
Fleetwood_Mac,classic rock
N-Trance,eurodance
The_Marshall_Tucker_Band,southern rock
Outcasts,power pop
Cliff_Richard,christmas
Edsels,doo-wop
Andre_van_Duin,nederpop
Hootie_and_the_Blowfish,Unknown
BAP,Unknown
Gibson_Brothers,disco
Cascades,doo-wop
Shelley_Fabares,doo-wop
Jethro_Tull,progressive rock
Hot_Butter,newgrass
Daft_Punk,french house
Dingetje,nederpop
Crystal_Gayle,Unknown
Gary_Moore,blues
Meat_Puppets,grunge
Melanie,Unknown
The_Brecker_Brothers,jazz fusion
Digno_Garcia,Unknown
Bobby_Bloom,Unknown
The_Robert_Cray_Band,blues
Captain_Jack,eurodance
Haley,Unknown
"Emerson,_Lake_and_Palmer",progressive rock
Marillion,progressive rock
The_Main_Ingredient,philly soul
Grant_and_Forsyth,indorock
The_Mamas_and_The_Papas,folk rock
Jeff_Beck,jazz fusion
Chic,bassline
Crests,doo-wop
Tony_Joe_White,blues
Cocker,Unknown
Nas,hip hop
Nena,neue deutsche welle
Les_Humphries_Singers,schlager
Trio_Hellenique,Unknown
Johnny_Hates_Jazz,new wave
Jimmy_Gilmer,Unknown
Gallery,Unknown
Third_Eye_Blind,Unknown
Usher,r&b
Willie_Nelson,country
Bonzo_Dog_Doo_Dah_Band,Unknown
Cher,Unknown
Mike_Oldfield,progressive rock
Fabi,indonesian pop
Brenton_Wood,Unknown
the_mamas_and_papas,folk rock
Michele_Zarrillo,italian singer-songwriter
Christopher_Cross,soft rock
Trance,hard house
Haydn,chamber music
BBE,Unknown
Aerosmith,classic rock
Morton_Jelly_Roll,ragtime
Kramer,country
Cosmix,Unknown
The_Beau_Brummels,acid rock
Simon_and_Garfunkel,folk rock
Supertramp,progressive rock
Tears_for_Fears,new wave
DMX,Unknown
Small_Faces,proto-punk
Band_Aid,christmas
Vanessa_Paradis,variété française
John_Paul_Young,Unknown
Drifters,doo-wop
Julio_Iglesias,bolero
.38 Special,southern rock
David_Dundas,Unknown
C+C_Music_Factory,Unknown
Tommy_Flanagan,jazz
Bryson,r&b
Amie_Comeaux,traditional country
Modern_Talking,italo disco
Band,banda
Greger,big band
Paul_Simon,singer-songwriter
Dobie_Gray,northern soul
Ry_Cooder,blues
Doris_Day,adult standards
America,pop punk
George_Harrison,Unknown
Antonello_Venditti,italian singer-songwriter
TURNER_TINA,r&b
Boz_Scaggs,album rock
Bon_Jovi,glam metal
Gary_Glitter,glam rock
Mr._President,eurodance
Tatyana_Ali,Unknown
Nico_Landers,nederpop
Patrick_Hernandez,disco
George_Frideric_Handel,classical
Jam_and_Spoon,eurodance
The_Platters,doo-wop
Pet_Shop_Boys,synthpop
Franky_Boy,schlager
Shaun_Cassidy,Unknown
Candi_Staton,Unknown
Zez_Confrey,ragtime
All-4-One,Unknown
4_Non_Blondes,Unknown
Dr._John,Unknown
Watson_Johnny_Guitar,blues
Bill_Haley_and_His_Comets,rockabilly
Youssou_N_Dour,Unknown
Van_McCoy,disco
Gerard_Cox,nederpop
Albert_West,nederpop
Andy_Williams,christmas
Kiss,classical
Sugar_Ray,Unknown
Alpert,adult standards
Eddie_Floyd,soul
Prince,funk rock
Beres_Hammond,lovers rock
Gene_Chandler,doo-wop
Toto,soft rock
Def_Leppard,glam metal
Snoop_Dogg,g-funk
Paul_Anka,adult standards
Camel,melodic techno
Donna_Hightower,Unknown
Cock_Robin,Unknown
Wagner,opera
Salt-N-Pepa,hip hop
Nashville_Teens,garage rock
Bone,Unknown
Kalua_Beach_Boys,exotica
The_Vapors,new wave
Blaque,Unknown
The_Youngbloods,Unknown
Enya,new age
Gilbert_O_Sullivan,opera
Classics_IV,Unknown
Tasmin_Archer,Unknown
Tone-Loc,Unknown
The_Cyrkle,baroque pop
Sandie_Shaw,Unknown
Brassens_Georges,chanson
Ryan_Paris,italo disco
Petula_Clark,Unknown
"BAGINSKY,GABY",schlager
Natalie_Cole,quiet storm
Trisha_Yearwood,country
New_Kids_on_the_Block,Unknown
Guys_n_Dolls,musicals
Tatum_Art,jazz
Walter_Donaldson,Unknown
"Gaye,Marvin",motown
Rush,progressive rock
Vince_Guaraldi,christmas
George_McCrae,disco
Pato_Banton,reggae
Home_Grown,lo-fi
Santa_Esmeralda,Unknown
J.J._Jackson,Unknown
Army_of_Lovers,europop
Los_Bravos,norteño
The_Spotnicks,surf rock
Billy_Paul,philly soul
Guess_Who,classic rock
Mickey_and_Sylvia,doo-wop
Vicki_Brown,Unknown
Ruth_Jacott,nederpop
Bob_Welch,soft rock
Jerry_Mungo,Unknown
Odyssey,disco
The_New_Colony_Six,garage rock
Christina_Aguilera,pop
Harry_Nilsson,baroque pop
Janis_Ian,singer-songwriter
Marky_Ramone,Unknown
Roy_Orbison,rockabilly
Alphaville,synthpop
Mike_+_The_Mechanics,soft rock
Barry_and_Eileen,nederpop
Aphrodite_s_Child,Unknown
The_Chaplin_Band,italo disco
De_Deurzakkers,Unknown
Alberto_Fortis,italian singer-songwriter
Buena_Vista_Social_Club,son cubano
Bernhard_Brink,schlager
Seals_and_Crofts,soft rock
Boxcar,bluegrass
Monty_Python,comedy
Mink_DeVille,Unknown
Daniel,Unknown
The_Rippingtons,smooth jazz
Dexys_Midnight_Runners,Unknown
Rupert_Holmes,Unknown
La_Bouche,eurodance
Nelly,Unknown
Dion,hindi hip hop
Willeke_Alberti,nederpop
Pater_Moeskroen,nederpop
Knight,motown
Greenbaum_Norman,classic rock
Steps_Ahead,gabber
Vangelis,new age
McDonald,motown
Ben_Cramer,nederpop
Dirotta_su_Cuba,Unknown
Johnny_Bristol,philly soul
Mark_Oh,happy hardcore
The_Bluegrass_Cardinals,bluegrass
Michael_Johnson,soft rock
Allure,lo-fi beats
Level_42,synthpop
James_Colin,blues
Manfred_Mann,progressive rock
John_Denver,folk
Loft,reggaeton chileno
Esther_Phillips,northern soul
Take_That,Unknown
Michael_Zager,disco
Rare_Earth,motown
Gloria_Gaynor,disco
Gary_Fane,nederpop
"Earth,_Wind_and_Fire",disco
Luniz,west coast hip hop
Nicki_French,eurodance
Henry_Mancini,exotica
Fun_Factory,eurodance
Wolfgang_Amadeus_Mozart,classical
Barclay_James_Harvest,progressive rock
Aaron_Neville,Unknown
Godsmack,nu metal
Sugarloaf,Unknown
Mylene_Farmer,variété française
"Lipps,_Inc.",disco
G._G._Anderson,Unknown
The_Lovin_Spoonful,folk rock
Chip_Davis,Unknown
Joshua_Kadison,Unknown
Caterina_Caselli,italian singer-songwriter
Asia,Unknown
Nakatomi,happy hardcore
A_Teens,Unknown
Vengaboys,eurodance
Paoli,italian singer-songwriter
Taylor_Dayne,Unknown
Roxy_Music,glam rock
Alvin_Stardust,glam rock
Sam_Cooke,motown
Massada,maluku
The_Archies,Unknown
Trio_Rio,Unknown
Watanabe,kayokyoku
The_Stylistics,philly soul
The_Smashing_Pumpkins,alternative rock
Birkin,french pop
Phil_Collins,soft rock
Adventures_of_Stevie_V.,Unknown
Tony_Orlando,Unknown
Bobby_Goldsboro,Unknown
Arrested_Development,Unknown
Dave_Baby_Cortez,Unknown
Isabelle_Adjani,variété française
Jurgen_Drews,schlager
Renzo_Arbore,canzone napoletana
Anita_Ward,disco
Fifth_Dimension,Unknown
Francois_Couperin,chamber music
Slipstream,Unknown
Matthew_Wilder,Unknown
Joseph_Lamb,ragtime
Brown_Clarence_Gatemouth,blues
Kiki_Dee,Unknown
Fiona_Apple,art pop
Stone_and_Stone,Unknown
Al_Wilson,northern soul
Little_River_Band,soft rock
Stevie_Nicks,Unknown
The_New_Seekers,Unknown
Rufus,Unknown
Allan_Sherman,comedy
Champs,pop punk
Righeira,italo disco
Jesus_Jones,madchester
Pooh,memphis rap
Thelonious_Monk,jazz
Surface,Unknown
Conway_Twitty,country
Talk_Talk,new wave
Veruca_Salt,grunge
Squirrel_Nut_Zippers,swing music
Raf,Unknown
The_Four_Seasons,doo-wop
Morris_Albert,Unknown
Klaus_and_Klaus,schlager
Pharao,Unknown
Bernstein_Leonard,classical
It_s_a_Beautiful_Day,Unknown
Creedence_Clearwater_Revival,classic rock
Restless_Heart,Unknown
The_Beach_Boys,baroque pop
The_Byrds,folk rock
Rammstein,industrial metal
Fiorello,Unknown
Professor_Longhair,boogie-woogie
Peter_Cetera,soft rock
LL_Cool_J,east coast hip hop
King_Harvest,Unknown
Danilo_Amerio,Unknown
Billy_Idol,Unknown
B_Witched,europop
Color_Me_Badd,new jack swing
Another_Level,Unknown
Elkie_Brooks,Unknown
LaBelle,philly soul
Smokie,gospel
Glenn_Miller,big band
Eddy_Arnold,traditional country
Eros_Ramazzotti,italo dance
Jule_Styne,musicals
Hines_Earl,swing music
The_Yardbirds,psychedelic rock
Vaughan_Sarah,vocal jazz
Deep_Blue_Something,Unknown
Dennie_Christian,schlager
Double_You,eurodance
Jean_Michel_Jarre,new age
Our_Lady_Peace,post-grunge
Debby_Boone,Unknown
Norman_Blake,bluegrass
Climax,Unknown
Ace_Frehley,glam metal
Middle_of_the_Road,glam rock
E.Z.K,cumbia sonidera
Amedeo_Minghi,italian singer-songwriter
Korgis,Unknown
ARMSTRONG_LOUIS,jazz
Allan_Theo,Unknown
The_Contours,motown
"BRECK,FREDDY",schlager
Cindy_and_Bert,schlager
Dr._Hook,Unknown
A_Taste_of_Honey,disco
Haddaway,eurodance
Firehouse,glam metal
2_Brothers_on_the_4th_Floor,happy hardcore
Swingin_Medallions,garage rock
Bruno,Unknown
Freddie_Jackson,quiet storm
Rudi_Carrell,schlager
Drukwerk,nederpop
Chocolate,Unknown
Maxx,Unknown
Frans_Bauer,nederpop
Mary_Hopkins,children's music
The_Tragically_Hip,Unknown
Ringo_Starr,rock
Scatman_John,eurodance
Kenny_Dorham,hard bop
K-Ci_and_JoJo,r&b
"Rich_,_Buddy",big band
Stray_Cats,rockabilly
Carpenters,christmas
Tracy_Byrd,country
Marvin_Hamlisch,ragtime
Joe_Dassin,chanson
Sheena_Easton,Unknown
The_Corrs,celtic rock
Chris_Montez,Unknown
Gebroeders_Grimm,Unknown
Chastain,Unknown
Alpenrebellen,schlager
Natalie_Merchant,singer-songwriter
Derby,sexy drill
Love_Sculpture,blues rock
Bennett,vocal jazz
The_Babys,album rock
Black_Rob,Unknown
Lewis_Ramsey,jazz funk
The_Romantics,power pop
Johann_Nepomuk_Hummel,chamber music
Basie,big band
Judy_Collins,folk
Michael_Bolton,soft rock
Berger_Michel,variété française
Michael_Damian,Unknown
Ruby_and_The_Romantics,doo-wop
The_Rolling_Stones,classic rock
Tammy_Wynette,traditional country
Kaoma,Unknown
Elvin_Bishop,southern rock
Ingram_James,Unknown
Jeffrey_Reid_Baker,ragtime
Seal,Unknown
Scorpions,hard rock
Pat_Metheny,jazz fusion
Cut_n_Move,eurodance
Michael_McDonald,motown
Sparks,Unknown
Anita_Meyer,nederpop
Sisqo,Unknown
The_Human_League,new wave
Nick_MacKenzie,Unknown
Commander_Cody,country rock
The_Fabulous_Thunderbirds,blues
Freek_de_Jonge,nederpop
Ornella_Vanoni,italian singer-songwriter
Adamski,acid house
Jovanotti,italian singer-songwriter
Toad_the_Wet_Sprocket,Unknown
Adam_and_Eve,Unknown
Calimeros,schlager
Jeffrey_Osborne,quiet storm
Journey,album rock
Ben_E._King,r&b
Omar,Unknown
Fluid,Unknown
Cannibal_and_The_Headhunters,proto-punk
The_Rubettes,glam rock
De_Migra_s,Unknown
Winger,glam metal
Tom_McDermott,ragtime
Nick_Kamen,Unknown
Alice,grunge
Nightcrawlers,Unknown
Go_West,Unknown
Focus,Unknown
Stevens_Shakin_,christmas
Five_Man_Electrical_Band,Unknown
Mitch_Ryder,northern soul
1910_Fruitgum_Company,bubblegum pop
Zhane,new jack swing
Foundations,Unknown
Special_EFX,smooth jazz
The_Sugarhill_Gang,hip hop
Crowded_House,Unknown
Leonard_Bernstein,classical
Boyz_II_Men,r&b
Sonia,Unknown
Jan_and_Dean,surf rock
Annie_Lennox,synthpop
Jars_of_Clay,ccm
Bobby_Boris_Pickett,Unknown
Joe_Satriani,Unknown
Rufus_Thomas,soul
RMB,Unknown
Gordon_Lightfoot,folk rock
Eddy_Duane,surf rock
Skid_Row,glam metal
Mott_The_Hoople,glam rock
Capella,classical
The_Troggs,proto-punk
Wilson_Phillips,Unknown
Tom_Petty,classic rock
Eddie_Cochran,rockabilly
Carl_Teike,Unknown
All_Saints,Unknown
Bela_Bartok,classical
Kylie_Minogue,dance pop
The_Clash,punk
Corduroy,indie rock
Sophie_B._Hawkins,Unknown
Eurythmics,new wave
Babyface,r&b
The_Sylvers,disco
3T,Unknown
The_Rivieras,surf rock
Roots_Syndicate,Unknown
Caught_in_the_Act,Unknown
England_Dan,soft rock
E-Type,eurodance
Bill_Withers,soul
Junior_Walker,country
Miller,Unknown
"Crosby,_Stills,_Nash_and_Young",folk rock
Grand_Funk_Railroad,classic rock
Peter_Andre,christian folk
Revere,bluegrass
Cyndi_Lauper,Unknown
Tina_Turner,r&b
Dave_Brubeck,jazz
Roberta_Flack,adult standards
The_Drifters,doo-wop
Astrud_Gilberto,bossa nova
Warren_G,g-funk
702,r&b
Dead_Or_Alive,hi-nrg
Shola_Ama,uk garage
The_Pasadenas,Unknown
Streisand,adult standards
Sam_and_Dave,motown
Dallara,italo dance
Stephanie_Mills,quiet storm
Oscar_Peterson,jazz
Fool_s_Garden,Unknown
Rastape,forró
Bronski_Beat,synthpop
John_Farnham,Unknown
Modern_Jazz_Quartet,cool jazz
The_Smiths,new wave
Parton_Dolly,country
Chip_Taylor,americana
Jack_Jones,adult standards
Robin_S,tropical house
Jon_Secada,Unknown
The_Mavericks,Unknown
Maxi_Priest,lovers rock
New_Order,new wave
East_Side_Beat,piano house
Broadway,musicals
Crowd,christian
Red,Unknown
The_Mindbenders,Unknown
Kate_Bush,art pop
Klein_Orkest,nederpop
CB_Milton,eurodance
Dietrich_Marlene,Unknown
Edison_Lighthouse,Unknown
Matt_Bianco,acid jazz
Whitesnake,glam metal
Johnny_Mathis,christmas
The_Spencer_Davis_Group,proto-punk
Ocean_Billy,Unknown
Sam_The_Sham,Unknown
Xscape,r&b
Robin_Beck,album rock
Bruce_Channel,Unknown
Chris_de_Burgh,soft rock
Ludwig_van_Beethoven,classical
Corry_Konings,nederpop
Bob_Dylan,folk rock
Randy_Crawford,Unknown
Delibes_Leo,classical
Daniel_Boone,Unknown
John_Robert,blues
Animotion,synthpop
The_Manhattans,philly soul
Ratt,classical
Jodeci,new jack swing
Eric_Clapton,blues
ZZ_Top,southern rock
Friend_and_Lover,Unknown
The_Hollies,Unknown
Shawn_Mullins,Unknown
Frankie_Goes_to_Hollywood,synthpop
Bobby_Vinton,doo-wop
Curtis_Lee,doo-wop
Howard_Jones,new wave
Equals,lounge
Mariah_Carey,pop
Sergio,banda
Elvis_Costello,power pop
FIXX,Unknown
Gary_Lewis,Unknown
Haak,Unknown
Nine_Inch_Nails,industrial rock
Amber,dubstep
Art_of_Noise,synthpop
Searchers,Unknown
Loggins_and_Messina,Unknown
Wilson_Pickett,motown
Yanni,Unknown
Herman_s_Hermits,Unknown
The_Righteous_Brothers,Unknown
The_Cure,new wave
Mocedades,trova
Danyel_Gerard,schlager
Atlantic_Ocean,Unknown
Weird_Al_Yankovic,comedy
Herbie_Mann,latin jazz
Visage,synthpop
Bad_Manners,ska
The_Fixx,new wave
Dr._Alban,eurodance
Alexandra,bachata
Arabesque,disco
Daniele,italian singer-songwriter
Spanky_and_Our_Gang,baroque pop
The_Kinks,proto-punk
The_Outhere_Brothers,chicago house
Lenny_Kravitz,rock
Rossi_Vasco,italian singer-songwriter
Orchestral_Manoeuvres_in_the_Dark,new wave
Donovan,folk rock
Bobby_Vee,doo-wop
Lunapop,italian singer-songwriter
Billy_Crash_Craddock,traditional country
Mary_Wells,motown
Stevie_Wonder,motown
Belinda_Carlisle,Unknown
Detroit_Emeralds,northern soul
Blues_Image,Unknown
Yazz_and_plastic_population,Unknown
Nirvana,grunge
Garbage,Unknown
Kristina_Bach,schlager
Tom_Petty_and_The_Heartbreakers,classic rock
Fitzgerald_Ella,vocal jazz
Status_Quo,glam rock
Laine_Cleo,vocal jazz
The_Shangri-Las,doo-wop
Attila,deathcore
Sam_Brown,Unknown
Carmen,Unknown
Stories,children's music
Gerry_Mulligan_Quartet,cool jazz
Bobby_Rydell,doo-wop
Zeze_di_Camargo,sertanejo
Zebrahead,skate punk
Frankie_Valli,Unknown
Sabrina,Unknown
Nino_De_Angelo,schlager
Creation,reggae rock
Sonic_Youth,noise rock
Katrina_and_the_Waves,Unknown
Steve_Vai,Unknown
Wet_Wet_Wet,red dirt
"Schilling,_Peter",neue deutsche welle
MN8,new jack swing
Holly_Buddy,rockabilly
Zappa,progressive rock
Carl_Douglas,Unknown
Rage_Against_the_Machine,rap metal
Tim_Immers,Unknown
Type_O_Negative,gothic metal
Hall_and_Oates,soft rock
Au_bonheur_des_dames,variété française
Antonio_Carlos,bossa nova
Black_Sabbath,metal
The_KLF,acid house
Lynn_Anderson,Unknown
Boston,Unknown
Parker_Charlie,bebop
Puckett,Unknown
Saez,Unknown
Wilbert_Harrison,doo-wop
Bee_Gees,disco
Berlin_Irving,Unknown
New_Vaudeville_Band,Unknown
Mango,Unknown
Jeremy_Jackson,Unknown
Robinson,edm
Booker_T._and_The_MG_s,Unknown
Bill_Haley,rockabilly
Sammy_Nestico,big band
Jimmy_Ruffin,motown
The_Chordettes,doo-wop
Curtis_Stigers,gothic country
Kenny_Thomas,new jack swing
Imagination,post-disco
Supermax,Unknown
RICHIE_LIONEL,motown
David_Essex,glam rock
Rick_Springfield,Unknown
Trans-X,hi-nrg
Us3,Unknown
Lynyrd_Skynyrd,southern rock
Procol_Harum,progressive rock
Martika,celtic
The_Swinging_Blue_Jeans,Unknown
Collective_Soul,post-grunge
Adamo,chanson
Cathy_Dennis,Unknown
Johnny_Cash,country
Alain_Souchon,variété française
The_Five_Satins,doo-wop
Tommy_Roe,bubblegum pop
Davis_Miles,jazz
Love_Unlimited_Orchestra,philly soul
Barenaked_Ladies,Unknown
Neil_Diamond,poprock
"Linda,_Roos_and_Jessica",nederpop
Isaac_Hayes,soul
Dave_Grusin,smooth jazz
Blumchen,children's music
Gruppo_Sportivo,nederpop
Tracey_Ullman,Unknown
Suzanne_Ciani,new age
Gina_G,lullaby
Jett,rock
The_Pointer_Sisters,disco
Incognito,acid jazz
Paul_Revere_and_The_Raiders,proto-punk
U2,opera
Atkins_Chet,Unknown
Frank_Galan,schlager
Europe,grime
Michel_Delpech,variété française
Fiorella_Mannoia,italian singer-songwriter
Crystals,doo-wop
Jets,Unknown
Estefan_Gloria,Unknown
Bob_Carlisle,ccm
Heidi_Bruhl,schlager
Anx,Unknown
Scooter,happy hardcore
2_Unlimited,eurodance
Jann_Arden,Unknown
Toussaint,Unknown
Peter_Koelewijn_and_Zijn_Rockets,Unknown
Jamiroquai,acid jazz
Paul_Young,Unknown
Karas_Anton,Unknown
Herbie_Hancock,jazz
Solo,Unknown
OMD,Unknown
Carl_Perkins,rockabilly
James_Last,orchestra
Jessica_Simpson,Unknown
Zero,k-pop
Kim_Carnes,Unknown
Price_Lloyd,doo-wop
The_Monkees,Unknown
"Amos,_Tori",singer-songwriter
Paola_Turci,italian singer-songwriter
Hohner,schlager
Chris_Andrews,schlager
Paul_Desmond,cool jazz
Chick_Corea,jazz fusion
Amii_Stewart,disco
Alison_Moyet,synthpop
Acoustic_Alchemy,smooth jazz
Nik_Kershaw,Unknown
Santo,bachata
White_Lion,glam metal
Rene_Froger,nederpop
OMC,Unknown
Masini,italian singer-songwriter
Freddie_Mercury,Unknown
Jane_s_Addiction,Unknown
Simple_Minds,new wave
Patrick_Swayze,Unknown
Harold_Faltermeyer,synthpop
Washington_Dinah,vocal jazz
Cesar_Franck,chamber music
Nini_Rosso,exotica
Miles_John,Unknown
Belafonte_Harry,calypso
Eagles,classic rock
Baglioni_Claudio,italian singer-songwriter
Ice_MC,eurodance
Sly_and_The_Family_Stone,funk
Tracy_Chapman,Unknown
Floyd_Cramer,Unknown
Technohead,happy hardcore
Shania_Twain,country
Ekseption,nederpop
Stephen_Bishop,soft rock
Orbital,Unknown
Anita_Baker,quiet storm
Macy_Gray,Unknown
Tozzi_Umberto,italo dance
Tommy_Edwards,doo-wop
Gordon,christian hip hop
Los_Del_Rio,norteño-sax
New_Radicals,Unknown
Silverchair,grunge
Calloway,Unknown
Johnny_Rivers,Unknown
Gene_Pitney,Unknown
Darin_Bobby,big band
Hue_and_Cry,Unknown
Jimmy_James,Unknown
Blur,Unknown
Talk_of_the_Town,new york drill
Little_Eva,doo-wop
Nek,opera
Darts,rockabilly
Dee,Unknown
Night_Ranger,glam metal
Hawkins_Erskine,swing music
Mel_C,jazz
K7,Unknown
Marc_Anthony,salsa
Motley_Crue,glam metal
Madonna,Unknown
"Holm,_Michael",schlager
Michael_Stanley_Band,album rock
Assia,melodic techno
Wilson_Teddy,jazz
883,italian singer-songwriter
Groove_Theory,neo soul
Alexander_O_Neal,Unknown
Kim_Appleby,Unknown
The_Cardigans,Unknown
Mecano,rock en español
2_the_Core,Unknown
The_Charmaines,northern soul
Shocking_Blue,nederpop
American_Made,country rock
Herman,corrido
Big_Mr.,glam metal
Charles_Aznavour,chanson
Martha_Reeves,motown
Guns_N_Roses,rock
Jody_Watley,new jack swing
Rednex,Unknown
Cole_Porter,big band
Frank_Mills,Unknown
Skylark,Unknown
Forrest,christian hip hop
The_Outfield,Unknown
The_Cult,hard rock
Twila_Paris,ccm
Pat_Boone,adult standards
Hank_Jones,jazz
Jerry_Lee_Lewis,rockabilly
The_Prodigy,big beat
Queensryche,progressive metal
IDOL_BILLY,Unknown
Herb_Alpert,adult standards
Alannah_Myles,Unknown
Barry_John,Unknown
Jackie_Wilson,northern soul
Elton_John,Unknown
Breathe,Unknown
Ray_Parker_Jr.,Unknown
Celine_Dion,variété française
Lisa_Loeb,singer-songwriter
Pausini_laura,latin pop
Selena,pop
Camaleonti,italian singer-songwriter
Fine_Young_Cannibals,Unknown
Thomas_Dolby,new wave
Black_Fooss,Unknown
Celentano,italo dance
The_Partridge_Family,bubblegum pop
Live,hyperpop
The_Left_Banke,baroque pop
Robert_Leroy,nederpop
M_People,Unknown
Renee_Rosnes,jazz
Aqua,europop
Apollo_100,Unknown
Marilyn_Monroe,Unknown
Jeff,drill
Kool_and_The_Gang,disco
The_McGuire_Sisters,adult standards
Vicki_Sue_Robinson,disco
Xavier_Cugat,exotica
Dave_Mason,Unknown
The_Boomtown_Rats,new wave
Bizet_Georges,opera
James_Brown,soul
Blattschuss,neue deutsche welle
Pagliaro,Unknown
Moby,downtempo
War,anime
Cutting_Crew,Unknown
Jantje_Koopmans,polka
Worlds_Apart,melodic bass
Eddie_Holman,northern soul
Megadeth,thrash metal
Stan_Kenton,big band
Guesch_Patti,Unknown
Bolero,bolero
Warren_Zevon,singer-songwriter
New_Age,Unknown
Marvin_Gaye,motown
Jimmy_Barnes,Unknown
The_Moody_Blues,progressive rock
Time_Bandits,nederpop
The_Doors,psychedelic rock
Amina,Unknown
Assekruus,Unknown
Rembrandts,Unknown
The_Cars,power pop
Rainbow,Unknown
Curtis_Mayfield,soul
Snap,traditional music
Bad_Boys_Blue,italo disco
Glover,Unknown
Jobim_Antonio_Carlos,bossa nova
Andrew_Lloyd_Webber,musicals
Men_at_Work,Unknown
Freddie_and_The_Dreamers,Unknown
Melissa_Etheridge,Unknown
Simon_Paul,singer-songwriter
Andrew_Gold,Unknown
Murray_Head,Unknown
The_Animals,classic rock
UZEB,jazz fusion
Ernie_K-Doe,doo-wop
Information_Society,funk melody
LFO,Unknown
Percy_Sledge,motown
T_Pau,retro soul
Boys_Town_Gang,hi-nrg
Love_Affair,Unknown
Ten_Years_After,blues rock
Marco_Borsato,nederpop
Borodin,classical
Elvis,rockabilly
Johnny_Horton,rockabilly
Joe,Unknown
Leo_Friedman,classical
Paula_Abdul,Unknown
Sam_the_Sham_and_The_Pharaohs,Unknown
Liesbeth_List,nederpop
Falco,japanese vgm
Telly_Savalas,Unknown
Wild_Cherry,Unknown
Eric_Johnson,Unknown
Eddie_Kendricks,motown
20_Fingers,eurodance
Jive_Bunny,Unknown
Mason_Williams,Unknown
Porter_Cole,big band
Interactive,Unknown
Sugar_Lee_Hooper,Unknown
Goo_Goo_Dolls,Unknown
Al_Green,soul
Robert_Hampton,cool jazz
Hooker_John_Lee,blues
a-ha,soft rock
Glen_Campbell,Unknown
Edgar_Winter,classic rock
Fats_Domino,rock and roll
Freak_Power,acid jazz
Black_Rose,eurodance
Jean_Knight,motown
LEN,opera
Scott_James,musicals
Spin_Doctors,Unknown
Don_Backy,italian singer-songwriter
Nuovi_Angeli,italo dance
Rah_Band,Unknown
No_Doubt,Unknown
Raydio,post-disco
Toni_Braxton,r&b
Television_Theme_Songs,Unknown
Bert_Heerink,nederpop
Donna_Summer,disco
The_Walker_Brothers,baroque pop
Divinyls,Unknown
Energy_52,trance
AL_Bano,italo dance
Croce_Jim,folk rock
Sting,rock
Rascel,Unknown
Anthony_Richard,chanson
Derek_and_the_Dominos,blues rock
Jimmy_Nail,Unknown
Kraftwerk,krautrock
"Blood,_Sweat_and_Tears",Unknown
David_Lee_Roth,glam metal
Brunner_and_Brunner,schlager
Busta_Rhymes,east coast hip hop
Die_Arzte,neue deutsche welle
Freda_Payne,northern soul
Glenn_Medeiros,Unknown
Desireless,Unknown
Ruggeri,italian singer-songwriter
Clouseau,nederpop
Suzanne_Vega,singer-songwriter
Creed,classic rock
Ronny_Jordan,acid jazz
The_Pretenders,doo-wop
Barry_White,disco
Edward_Kleban,musicals
Petty,classic rock
Billy_Swan,Unknown
Hot_Chocolate,Unknown
Darude,eurodance
Joey_Ramone,Unknown
Bach_Johann_Sebastian,classical
Joe_Jackson,new wave
Johnson_James_P,ragtime
Will_Smith,Unknown
Bell,Unknown
Albert_Hammond,Unknown
Mungo_Jerry,Unknown
Charles_and_Eddie,Unknown
Jaco_Pastorius,jazz fusion
Double,corrido
Gaskin_Street,Unknown
Fancy,brazilian bass
Eiffel_65,eurodance
Lewis_George,ragtime
Rozalla,eurodance
Sawyer_Brown,country
Articolo_31,Unknown
Sniff_n_the_Tears,Unknown
Alain_Chamfort,variété française
REO_Speedwagon,soft rock
Andre_Hazes,nederpop
Them,deathcore
Tal_Bachman,Unknown
Jackie_DeShannon,Unknown
Rocky_Horror,Unknown
Erasure,synthpop
Evans_Bill,jazz
Tyner_Mccoy,jazz
Jackson_Michael,Unknown
Paul_Dukas,Unknown
Orleans,soft rock
The_Shamen,acid house
Enrique_Iglesias,latin pop
Duke,house
Communards,hi-nrg
Pseudo_Echo,synthpop
Billie_Jo_Spears,traditional country
Jimmy_McGriff,jazz funk
Bommbastic,Unknown
Leali,italian singer-songwriter
Robin_Cock,Unknown
Stan_Getz,bossa nova
Aretha_Franklin,soul
Jody_Reynolds,rockabilly
Johnny_Hoes,nederpop
Oingo_Boingo,new wave
Ottawan,disco
Bad_Company,classic rock
Ben_Folds_Five,Unknown
Ann_Farina,Unknown
The_Hooters,Unknown
Biagio_Antonacci,italian singer-songwriter
Romina_Power_Al_Bano,italo dance
Debbie_Gibson,Unknown
Steppenwolf,classic rock
BBMak,Unknown
Salvatore_Adamo,chanson
Bill_Medley,Unknown
Bread,soft rock
Neil_Sedaka,doo-wop
Christie,opera
Sarah_McLachlan,Unknown
Roy_Black,underground hip hop
The_Brothers_Four,folk
Brandy,r&b
LightHouse,Unknown
Burton_Lane,musicals
Toni_Basil,Unknown
Radiohead,art rock
King_Diana,Unknown
Domino_Fats,rock and roll
MFSB,philly soul
Joe_Walsh,classic rock
John_Lee_Hooker,blues
John_Lennon,rock
Ray_Davies,Unknown
Texas,alternative hip hop
Dionne_Warwick,Unknown
Bloodhound_Gang,Unknown
Lewis_Meade_lux_,boogie-woogie
Hughie_Cannon,Unknown
The_Five_Stairsteps,Unknown
Niamh_Kavanagh,Unknown
Lavinia_Jones,Unknown
J.J._Cale,blues
Stone_Temple_Pilots,grunge
Chyp-notic,Unknown
Barlow_Gary,Unknown
Crusaders,jazz funk
Three_Dog_Night,Unknown
Party_Animals,happy hardcore
Alain_Barriere,chanson
Emmanuel_Chabrier,Unknown
Marx_Richard,soft rock
Erroll_Garner,jazz
Tornados,tejano
Playmates,doo-wop
T._Rex,glam rock
Allen_Toussaint,Unknown
Bart_Herman,nederpop
Delfonics_the,philly soul
Kadoc,hard house
Puff_Daddy,Unknown
Magic_Affair,eurodance
Tag_Team,miami bass
Alain_Bashung,chanson
Collins_Phil,soft rock
Bush,art pop
Buffalo_Springfield,folk rock
The_Police,rock
Jefferson_Starship,album rock
Gary_Puckett,Unknown
Brian_McKnight,quiet storm
Paul_Mauriat,orchestra
Peter_de_Koning,nederpop
Humperdinck_Engelbert,Unknown
Rory_Block,country blues
Ramazzotti,italo dance
Vertical_Horizon,Unknown
Graziani,italian singer-songwriter
Chopin_Frederic,classical piano
Janis_Joplin,classic rock
Green_Day,punk
The_Psychedelic_Furs,new wave
Crystal_Waters,Unknown
KWS,Unknown
The_Supremes,motown
Fatboy_Slim,big beat
Shalom,Unknown
Masterboy,eurodance
Peter_Maffay,schlager
Gershwin,ragtime
Dave_Matthews_Band,Unknown
Bob_James,smooth jazz
The_Cowsills,baroque pop
Cream,classic rock
Chris_Rea,christmas
The_Stranglers,proto-punk
Whitney_Houston,pop
Gillespie_Dizzy,bebop
Adriano_Celentano,italo dance
Eels,Unknown
Jan_Hammer,jazz fusion
Little_Richard,rockabilly
Jimmy_Somerville,hi-nrg
Sixpence_None_the_Richer,Unknown
Aswad,reggae
The_Happenings,baroque pop
Al_Jolson,ragtime
The_Temptations,motown
Cabrel_Francis,variété française
Depeche_Mode,new wave
Eve_6,post-grunge
Wolfgang_Ambros,neue deutsche welle
Bruce_Hornsby,Unknown
The_Style_Council,Unknown
Gerry_and_The_Pacemakers,Unknown
Martin_Dean,christmas
King_Crimson,progressive rock
Nomadi,Unknown
Patrick_Bruel,variété française
Sheryl_Crow,Unknown
The_Beautiful_South,britpop
Kim_Wilde,Unknown
Leon_Russell,Unknown
Phyllis_Nelson,hi-nrg
Grateful_Dead,psychedelic rock
Garth_Brooks,country
Imca_Marina,schlager
Peppino_di_Capri,canzone napoletana
Malmsteen_Yngwie,neoclassical
Mixed_Emotions,schlager
Chaka_Demus,dancehall
Roberts,Unknown
Van_Morrison,Unknown
The_Knack,power pop
Berlin,classical
Shanice,new jack swing
Terry_Stafford,doo-wop
Linda_Ronstadt,country rock
Blues_Traveler,Unknown
George_Thorogood,classic rock
Imperial_Teen,Unknown
Crickets,rockabilly
Paul_de_Leeuw,nederpop
Black_Box,britpop
Britney_Spears,pop
Laura_Branigan,Unknown
Walter_Murphy,disco
Chris_Roberts,schlager
Banda_Blanca,merengue
Wet_Willie,southern rock
Pink_Floyd,progressive rock
Mark_Morrison,Unknown
Mathis,christmas
Real_Thing,Unknown
Renee_de_Haan,nederpop
Average_White_Band,Unknown
Filter,industrial rock
Hues_Corporation,disco
Cameo,funk
Harry_Chapin,singer-songwriter
Jimmy_Buffett,Unknown
Donny_Osmond,Unknown
Rose_Royce,quiet storm
Anna_Oxa,italian singer-songwriter
Richard_Sanderson,Unknown
Tiffany,worship
Limp_Bizkit,nu metal
Rick_Astley,Unknown
Quartz,k-rock
Jimmy_Cliff,reggae
Three_degrees_the,philly soul
The_Standells,proto-punk
Marky_Mark,hip house
The_Chi-Lites,motown
The_Raspberries,Unknown
Deniece_Williams,Unknown
Walter_Egan,Unknown
The_Seekers,Unknown
Dr._Dre,Unknown
Bananarama,hi-nrg
"CHRISTIE,TONY",Unknown
Natalie_Imbruglia,Unknown
Garland,christmas
Good_Shape,Unknown
Eagle-Eye_Cherry,Unknown
Milli_Vanilli,Unknown
Patricia_Paay,nederpop
Joe_Cocker,Unknown
Yazoo,synthpop
The_Gap_Band,quiet storm
The_Ritchie_Family,disco
Battiato,italian singer-songwriter
Bad_English,album rock
Barry_Mann,doo-wop
Kansas,classic rock
Ricky_Martin,latin pop
Clementi,Unknown
Babylon_Zoo,Unknown
Ann_Peebles,soul
Sergio_Mendes,brazilian jazz
The_Who,classic rock
Crow_Sheryl,Unknown
Mily_Balakirev,Unknown
Kenny_Loggins,Unknown
Billy_Mayerl,ragtime
Yes,classical
Byrd_Charlie,bossa nova
Charlebois_Robert,chanson
Tower_of_Power,jazz funk
George_Baker_Selection,nederpop
Faith,country
Baby_D,lullaby
The_B-52_s,new wave
Maxime_Le_Forestier,chanson
Leif_Garrett,disco
Crash_Test_Dummies,Unknown
John_Fogerty,country rock
Riccardo_Cocciante,italian singer-songwriter
Johnny_Gill,new jack swing
Billy_Fury,rock and roll
Roger_Williams,orchestra
Firefall,country rock
Dan_Hartman,disco
Dina_Carroll,Unknown
Fairport_Convention,folk rock
Nancy_Sinatra,Unknown
The_Cover_Girls,freestyle
Atlanta_Rhythm_Section,southern rock
Rionegro,sertanejo
Big_Mountain,reggae
Buggles,Unknown
David_Byrne,art rock
Anggun,indonesian pop
Jerry_Herman,musicals
The_Dave_Clark_Five,Unknown
Cherry_Poppin_Daddies,swing music
Sylvester,disco
2Boys,aussie drill
Bros,reggaeton
The_Association,baroque pop
John_Waite,arena rock
10cc,art rock
John_Field,classical
Nick_Gilder,glam rock
Elsa,Unknown
Carole_King,singer-songwriter
Het_Goede_Doel,nederpop
Robert_John,blues
Jackie_McLean,hard bop
Sister_Sledge,disco
Ventures,surf rock
Quatro,glam rock
Fossati_Ivano,italian singer-songwriter
Fay_Lovsky,acid jazz
Gene_Vincent,rockabilly
Sydney_Youngblood,Unknown
Primus,funk rock
Norman_Connors,quiet storm
Barry_Manilow,adult standards
Boney_M.,disco
Jaggerz,Unknown
The_Everly_Brothers,doo-wop
Warren,Unknown
C.J._Lewis,reggae
The_Verve,britpop
Will_Glahe,polka
Corey_Hart,synthpop
Scott_Joplin,ragtime
Johnson,texas country
De_Dijk,nederpop
Carmen_Eric,Unknown
Andy_Kim,Unknown
Chris_Isaak,Unknown
Perplexer,eurodance
Papa_Roach,nu metal
The_Flying_Pickets,Unknown
The_Honeydrippers,Unknown
Gladys_Knight,motown
Bruce_Hornsby_and_The_Range,Unknown
Stern_Mike,jazz fusion
Hans_Albers,schlager
Houston_Thelma,motown
The_Brown_James,Unknown
BND,opera
Werner,Unknown
DaWN,latin house
Shep_and_The_Limelites,doo-wop
Huey_Lewis,Unknown
Wang_Chung,new wave
Mann_Herbie,latin jazz
Lulu,Unknown
Godspell,musicals
La_Bionda,italo disco
Brooks_and_Dunn,country
Todd_Rundgren,power pop
Mark_Snow,Unknown
Meco,Unknown
The_Isley_Brothers,motown
Sandro_and_Gustavo,sertanejo tradicional
The_Blues_Brothers,blues
M,gangster rap
Merle_Travis,bluegrass
911,latin house
Nazareth,hard rock
Drupi,italo dance
Tom_Turpin,ragtime
Wayne_Jeff,progressive rock
Sheriff,glam metal
Cheer,Unknown
The_O_Jays,Unknown
Black,Unknown
Lindsey_Buckingham,Unknown
Iron_Maiden,heavy metal
Olivia_Newton-John,Unknown
Luther_Ingram,Unknown
Soulful_Dynamics,Unknown
Dizzy_Man_s_Band,Unknown
Ed_Townsend,doo-wop
"BUTLER,_JONATHAN",smooth jazz
Suzi_Quatro,glam rock
Bob_Marley,reggae
Young_Paul,Unknown
De_Electronica_s,Unknown
Centory,eurodance
blink-182,pop punk
Jennifer_Rush,Unknown
Atlantic_Starr,quiet storm
Melissa_Manchester,Unknown
Sade,Unknown
Jon_Cleary,Unknown
Maria_McKee,Unknown
Rickie_Lee_Jones,singer-songwriter
Pearl_Jam,grunge
311,reggae rock
101_Strings,exotica
Quick_Pick,dansband
Marley_Bob,reggae
Randy_VanWarmer,Unknown
Spyro_Gyra,smooth jazz
"Oldfield,_Mike",progressive rock
Joe_Diffie,country
Squeeze,power pop
Vasco,italian singer-songwriter
Giorgio_Moroder,italo disco
Pat_Benatar,album rock
Rick_James,funk
Alberti,Unknown
Otis_Redding,soul
The_Manhattan_Transfer,vocal jazz
Andrea_Bocelli,opera
First_Class,Unknown
The_Searchers,Unknown
Roy_Clark,christian country
Rogers_Kenny,country
Cheryl_Lynn,disco
Demis_Roussos,schlager
Real_Life,new wave
Dan_Hill,Unknown
Davis_John,indie folk
Bette_Midler,Unknown
Everclear,post-grunge
Westernhagen,neue deutsche welle
Tokens,Unknown
Gompie,schlager
Lisa_Stansfield,Unknown
The_Surfaris,surf rock
Champaign,quiet storm
White_Zombie,industrial metal
Madness,ska
Freddy_Martin,big band
Yvonne_Elliman,disco
Motels,new wave
"Warwick,_Dionne",Unknown
RODGERS_RICHARD,musicals
Battisti,italian singer-songwriter
Lesley_Gore,Unknown
The_Grass_Roots,folk rock
Andre_Moss,future house
Laid_Back,Unknown
Deftones,nu metal
Confederate_Railroad,southern rock
Dixie_Chicks,Unknown
Tanita_Tikaram,Unknown
Genesis,progressive rock
Boyzone,Unknown
Stanley_Clarke,jazz fusion
Ace,dangdut
Fortunes,Unknown
Dusty_Springfield,Unknown
Frank_and_Mirella,polka
Alice_Cooper,glam rock
Duval,Unknown
Dolls_United,Unknown
Star_Wash,eurodance
Robbie_Williams,Unknown
Alan_Parsons,symphonic rock
Wing,hindi hip hop
Bauer,Unknown
Typically_Tropical,Unknown
Loverboy,Unknown
Chumbawamba,Unknown
East_17,christmas
Charlie_Makes_The_Cook,Unknown
Oleta_Adams,Unknown
Waller_Fats,swing music
Billy_Ray_Cyrus,Unknown
LaTour,indie pop
Jose_Feliciano,christmas
Brownsville_Station,Unknown
Powell_Bud,bebop
Grace_Jones,art pop
Lou_Rawls,philly soul
Boris_Gardiner,lovers rock
White_Barry,disco
Christoph_Willibald_Gluck,classical
Bryan_Adams,Unknown
Skee-Lo,Unknown
Gipsy_Kings,flamenco
HORNER_JAMES,soundtrack
BERRY_CHUCK,rockabilly
Nelson_Oliver,nu disco
De_Nachroave,Unknown
Kelly_R,r&b
Shaggy,reggae
Golden_Earring,nederpop
Louis_Moreau_Gottschalk,Unknown
Grandi,Unknown
Al_Jarreau,smooth jazz
Huey_Lewis_and_The_News,Unknown
The_Blue_Diamonds,indorock
Fourplay,smooth jazz
Lionel_Richie,motown
The_Weather_Girls,Unknown
Anastacia,Unknown
Cake,alternative rock
Sublime,reggae rock
Destiny_s_Child,r&b
Izabella,gospel
Poco,cuarteto
Mike_Reno,Unknown
Henry_Arland,orchestra
Armani,Unknown
Wings,hindi hip hop
Burt_Bacharach,adult standards
Marcy_Playground,Unknown
Bonnie_Tyler,Unknown
Sorrenti,italo dance
The_Trammps,disco
Cornelius_Brothers,motown
"DULFER,_CANDY",smooth jazz
Brewer_And_Shipley,Unknown
Joan_Osborne,Unknown
E-Rotic,eurodance
Alanis_Morissette,Unknown
The_Rooftop_Singers,Unknown
Tool,progressive metal
Borg_Andy,schlager
Missy_Elliott,hip hop
Ross,southern hip hop
The_Commitments,Unknown
Jackson_5,motown
Norman_Greenbaum,classic rock
Queen,classic rock
Tommy_James,Unknown
Right_Said_Fred,Unknown
Steve_Winwood,soft rock
Soundgarden,grunge
Local_H,grunge
Nina_Simone,vocal jazz
Raffaella_Carra,Unknown
Louis_Prima,swing music
The_Cranberries,Unknown
Michael_Sembello,Unknown
Percy_Faith,orchestra
Lou_Reed,glam rock
Redbone,Unknown
Vanilla_Ice,Unknown
ABBA,Unknown
Van_Halen,glam metal
Ocean_Colour_Scene,britpop
Gerard_Joling,nederpop
"Torriani,_Vico",schlager
Nick_Berry,Unknown
Billy_Ocean,Unknown
Chuck_Berry,rockabilly
Player,duranguense
Blue_System,italo disco
Dance_2_Trance,Unknown
Leo_Sayer,soft rock
The_Bluebells,jangle pop
Toy_Boy,Unknown
Ram_Jam,southern rock
Eric_Carmen,Unknown
Conquistador,sierreño
Whiteman_Paul_and_His_Orchestra,ragtime
The_Syndicate_of_Sound,Unknown
"CORDALIS,COSTA",schlager
Mouskouri_Nana,schlager
Backstreet_Boys,Unknown
El_DeBarge,new jack swing
The_Doobie_Brothers,classic rock
Matia_Bazar,italo dance
Steve_Miller_Band,classic rock
BZN,opera
Elliot,hip hop
Joe_Dolce,Unknown
Hole,Unknown
Don_McLean,Unknown
Oliver,Unknown
Spinners,philly soul
Bachman-Turner_Overdrive,classic rock
Oberkrainer,polka
Chris_Barber_s_Jazz_Band,Unknown
Sergio_Franchi,Unknown
Lisa_Lisa,k-pop
Taco,Unknown
Gatto_Panceri,italian singer-songwriter
Marc_Almond,dark cabaret
Red_5,Unknown
Meat_Loaf,Unknown
Basia,smooth jazz
Eddie_Money,classic rock
Marc_Cohn,Unknown
Huub_Hangop,Unknown
Peter_Allen,album rock
